author,tag,title
阿东,B端,8000+干货！B端设计师要懂的信息架构
陈子木,3D样机,第一波！2021年10月精选实用设计干货合集
张爱国,LOL,人气顶流的英雄联盟手游，有哪些值得关注的设计细节？
邓海贝,对比色,配色没有冲击力？来试试对比色！
土拨鼠,ui设计,这3个细节创新，大厂设计师都不一定全知道！
Reman刘斌,平面设计,民国时期的平面设计到底有多潮？穿着旗袍开机车！
米米米米米米米米,,甲方给的图片不清晰？收下这个超好用的免费无损放大软件 Topaz Gigapixel AI
土拨鼠,抄袭,设计该如何看待「抄袭」这件事？我总结了5个方面！
土拨鼠,内容优先,用一篇文章，帮你了解提高用户体验的「内容策划研究方法」
土拨鼠,,她做完这个暗黑设计后，为什么选择了离职？
陈子木,免费图库,壹周速读：假期归来先存好这些干货！
张彭彭,PPT设计,大厂进阶案例！腾讯D10晋升失败的复盘总结
酷家乐UED,业务分析,需求太碎？聊聊设计师如何在小业务中提炼价值
Ohh,交互设计,对比多个大厂产品后，总结了竖屏播放进度条的设计思考
小果,交互设计,如何实现产品的「啊哈时刻」？从4个方面展开详聊
郝小七,HMI,HMI设计必看！入局车载设计的最优路径+入门指南
土拨鼠,B端,8000字干货！B端用户「帮助体系」搭建指南
土拨鼠,医疗,腾讯实战案例！联动医疗下的用户研究
土拨鼠,Decentrafile,上传文件永不过期！免费的匿名去中心化云端空间「Decentrafile 」
ZoeYZ,交互设计,不止画图标！5 个金刚区的交互设计思考
土拨鼠,2021-2022设计趋势,腾讯 ISUX 出品！2021-2022设计趋势报告：日系潮玩篇
土拨鼠,3D渲染模板,2021年全网最新最好的样机资源被我找到了！免费打包！
S 设计研究所,产品视觉设计,从学校到五年职场，我是如何理解插画设计的
土拨鼠,Image Extractor,输入网址就能批量下载网站图片的在线神器「Image Extractor」
陈子木,干货,第四波！2021年9月精选实用设计干货合集
土拨鼠,平面设计,用一篇文章，帮你了解视觉冲击的最佳风格「达达主义」
百度MEUX,产品设计,大厂出品！如何通过游戏化设计助力直播互动？
土拨鼠,在线工具,收录超过 30 万个高质量免费图标的网站「PNG Repo」
思鱼耶,平面设计,文字太多画面没有层次感？优设标题黑主设计师的版式设计秘籍来了
土拨鼠,产品设计,6000+干货！资深总监的四条产品设计工作观（附私藏神器包）
author,tag,title
阿东,B端,8000+干货！B端设计师要懂的信息架构
陈子木,3D样机,第一波！2021年10月精选实用设计干货合集
张爱国,LOL,人气顶流的英雄联盟手游，有哪些值得关注的设计细节？
邓海贝,对比色,配色没有冲击力？来试试对比色！
土拨鼠,ui设计,这3个细节创新，大厂设计师都不一定全知道！
Reman刘斌,平面设计,民国时期的平面设计到底有多潮？穿着旗袍开机车！
米米米米米米米米,,甲方给的图片不清晰？收下这个超好用的免费无损放大软件 Topaz Gigapixel AI
土拨鼠,抄袭,设计该如何看待「抄袭」这件事？我总结了5个方面！
土拨鼠,内容优先,用一篇文章，帮你了解提高用户体验的「内容策划研究方法」
土拨鼠,,她做完这个暗黑设计后，为什么选择了离职？
陈子木,免费图库,壹周速读：假期归来先存好这些干货！
张彭彭,PPT设计,大厂进阶案例！腾讯D10晋升失败的复盘总结
酷家乐UED,业务分析,需求太碎？聊聊设计师如何在小业务中提炼价值
Ohh,交互设计,对比多个大厂产品后，总结了竖屏播放进度条的设计思考
小果,交互设计,如何实现产品的「啊哈时刻」？从4个方面展开详聊
郝小七,HMI,HMI设计必看！入局车载设计的最优路径+入门指南
土拨鼠,B端,8000字干货！B端用户「帮助体系」搭建指南
土拨鼠,医疗,腾讯实战案例！联动医疗下的用户研究
土拨鼠,Decentrafile,上传文件永不过期！免费的匿名去中心化云端空间「Decentrafile 」
ZoeYZ,交互设计,不止画图标！5 个金刚区的交互设计思考
土拨鼠,2021-2022设计趋势,腾讯 ISUX 出品！2021-2022设计趋势报告：日系潮玩篇
土拨鼠,3D渲染模板,2021年全网最新最好的样机资源被我找到了！免费打包！
S 设计研究所,产品视觉设计,从学校到五年职场，我是如何理解插画设计的
土拨鼠,Image Extractor,输入网址就能批量下载网站图片的在线神器「Image Extractor」
陈子木,干货,第四波！2021年9月精选实用设计干货合集
土拨鼠,平面设计,用一篇文章，帮你了解视觉冲击的最佳风格「达达主义」
百度MEUX,产品设计,大厂出品！如何通过游戏化设计助力直播互动？
土拨鼠,在线工具,收录超过 30 万个高质量免费图标的网站「PNG Repo」
思鱼耶,平面设计,文字太多画面没有层次感？优设标题黑主设计师的版式设计秘籍来了
土拨鼠,产品设计,6000+干货！资深总监的四条产品设计工作观（附私藏神器包）
author,tag,title
阿东,B端,8000+干货！B端设计师要懂的信息架构
陈子木,3D样机,第一波！2021年10月精选实用设计干货合集
张爱国,LOL,人气顶流的英雄联盟手游，有哪些值得关注的设计细节？
邓海贝,对比色,配色没有冲击力？来试试对比色！
土拨鼠,ui设计,这3个细节创新，大厂设计师都不一定全知道！
Reman刘斌,平面设计,民国时期的平面设计到底有多潮？穿着旗袍开机车！
米米米米米米米米,,甲方给的图片不清晰？收下这个超好用的免费无损放大软件 Topaz Gigapixel AI
土拨鼠,抄袭,设计该如何看待「抄袭」这件事？我总结了5个方面！
土拨鼠,内容优先,用一篇文章，帮你了解提高用户体验的「内容策划研究方法」
土拨鼠,,她做完这个暗黑设计后，为什么选择了离职？
陈子木,免费图库,壹周速读：假期归来先存好这些干货！
张彭彭,PPT设计,大厂进阶案例！腾讯D10晋升失败的复盘总结
酷家乐UED,业务分析,需求太碎？聊聊设计师如何在小业务中提炼价值
Ohh,交互设计,对比多个大厂产品后，总结了竖屏播放进度条的设计思考
小果,交互设计,如何实现产品的「啊哈时刻」？从4个方面展开详聊
郝小七,HMI,HMI设计必看！入局车载设计的最优路径+入门指南
土拨鼠,B端,8000字干货！B端用户「帮助体系」搭建指南
土拨鼠,医疗,腾讯实战案例！联动医疗下的用户研究
土拨鼠,Decentrafile,上传文件永不过期！免费的匿名去中心化云端空间「Decentrafile 」
ZoeYZ,交互设计,不止画图标！5 个金刚区的交互设计思考
土拨鼠,2021-2022设计趋势,腾讯 ISUX 出品！2021-2022设计趋势报告：日系潮玩篇
土拨鼠,3D渲染模板,2021年全网最新最好的样机资源被我找到了！免费打包！
S 设计研究所,产品视觉设计,从学校到五年职场，我是如何理解插画设计的
土拨鼠,Image Extractor,输入网址就能批量下载网站图片的在线神器「Image Extractor」
陈子木,干货,第四波！2021年9月精选实用设计干货合集
土拨鼠,平面设计,用一篇文章，帮你了解视觉冲击的最佳风格「达达主义」
百度MEUX,产品设计,大厂出品！如何通过游戏化设计助力直播互动？
土拨鼠,在线工具,收录超过 30 万个高质量免费图标的网站「PNG Repo」
思鱼耶,平面设计,文字太多画面没有层次感？优设标题黑主设计师的版式设计秘籍来了
土拨鼠,产品设计,6000+干货！资深总监的四条产品设计工作观（附私藏神器包）
author,tag,title
阿东,B端,8000+干货！B端设计师要懂的信息架构
陈子木,3D样机,第一波！2021年10月精选实用设计干货合集
张爱国,LOL,人气顶流的英雄联盟手游，有哪些值得关注的设计细节？
邓海贝,对比色,配色没有冲击力？来试试对比色！
土拨鼠,ui设计,这3个细节创新，大厂设计师都不一定全知道！
Reman刘斌,平面设计,民国时期的平面设计到底有多潮？穿着旗袍开机车！
米米米米米米米米,,甲方给的图片不清晰？收下这个超好用的免费无损放大软件 Topaz Gigapixel AI
土拨鼠,抄袭,设计该如何看待「抄袭」这件事？我总结了5个方面！
土拨鼠,内容优先,用一篇文章，帮你了解提高用户体验的「内容策划研究方法」
土拨鼠,,她做完这个暗黑设计后，为什么选择了离职？
陈子木,免费图库,壹周速读：假期归来先存好这些干货！
张彭彭,PPT设计,大厂进阶案例！腾讯D10晋升失败的复盘总结
酷家乐UED,业务分析,需求太碎？聊聊设计师如何在小业务中提炼价值
Ohh,交互设计,对比多个大厂产品后，总结了竖屏播放进度条的设计思考
小果,交互设计,如何实现产品的「啊哈时刻」？从4个方面展开详聊
郝小七,HMI,HMI设计必看！入局车载设计的最优路径+入门指南
土拨鼠,B端,8000字干货！B端用户「帮助体系」搭建指南
土拨鼠,医疗,腾讯实战案例！联动医疗下的用户研究
土拨鼠,Decentrafile,上传文件永不过期！免费的匿名去中心化云端空间「Decentrafile 」
ZoeYZ,交互设计,不止画图标！5 个金刚区的交互设计思考
土拨鼠,2021-2022设计趋势,腾讯 ISUX 出品！2021-2022设计趋势报告：日系潮玩篇
土拨鼠,3D渲染模板,2021年全网最新最好的样机资源被我找到了！免费打包！
S 设计研究所,产品视觉设计,从学校到五年职场，我是如何理解插画设计的
土拨鼠,Image Extractor,输入网址就能批量下载网站图片的在线神器「Image Extractor」
陈子木,干货,第四波！2021年9月精选实用设计干货合集
土拨鼠,平面设计,用一篇文章，帮你了解视觉冲击的最佳风格「达达主义」
百度MEUX,产品设计,大厂出品！如何通过游戏化设计助力直播互动？
土拨鼠,在线工具,收录超过 30 万个高质量免费图标的网站「PNG Repo」
思鱼耶,平面设计,文字太多画面没有层次感？优设标题黑主设计师的版式设计秘籍来了
土拨鼠,产品设计,6000+干货！资深总监的四条产品设计工作观（附私藏神器包）
author,tag,title
阿东,B端,8000+干货！B端设计师要懂的信息架构
陈子木,3D样机,第一波！2021年10月精选实用设计干货合集
张爱国,LOL,人气顶流的英雄联盟手游，有哪些值得关注的设计细节？
邓海贝,对比色,配色没有冲击力？来试试对比色！
土拨鼠,ui设计,这3个细节创新，大厂设计师都不一定全知道！
Reman刘斌,平面设计,民国时期的平面设计到底有多潮？穿着旗袍开机车！
米米米米米米米米,,甲方给的图片不清晰？收下这个超好用的免费无损放大软件 Topaz Gigapixel AI
土拨鼠,抄袭,设计该如何看待「抄袭」这件事？我总结了5个方面！
土拨鼠,内容优先,用一篇文章，帮你了解提高用户体验的「内容策划研究方法」
土拨鼠,,她做完这个暗黑设计后，为什么选择了离职？
陈子木,免费图库,壹周速读：假期归来先存好这些干货！
张彭彭,PPT设计,大厂进阶案例！腾讯D10晋升失败的复盘总结
酷家乐UED,业务分析,需求太碎？聊聊设计师如何在小业务中提炼价值
Ohh,交互设计,对比多个大厂产品后，总结了竖屏播放进度条的设计思考
小果,交互设计,如何实现产品的「啊哈时刻」？从4个方面展开详聊
郝小七,HMI,HMI设计必看！入局车载设计的最优路径+入门指南
土拨鼠,B端,8000字干货！B端用户「帮助体系」搭建指南
土拨鼠,医疗,腾讯实战案例！联动医疗下的用户研究
土拨鼠,Decentrafile,上传文件永不过期！免费的匿名去中心化云端空间「Decentrafile 」
ZoeYZ,交互设计,不止画图标！5 个金刚区的交互设计思考
土拨鼠,2021-2022设计趋势,腾讯 ISUX 出品！2021-2022设计趋势报告：日系潮玩篇
土拨鼠,3D渲染模板,2021年全网最新最好的样机资源被我找到了！免费打包！
S 设计研究所,产品视觉设计,从学校到五年职场，我是如何理解插画设计的
土拨鼠,Image Extractor,输入网址就能批量下载网站图片的在线神器「Image Extractor」
陈子木,干货,第四波！2021年9月精选实用设计干货合集
土拨鼠,平面设计,用一篇文章，帮你了解视觉冲击的最佳风格「达达主义」
百度MEUX,产品设计,大厂出品！如何通过游戏化设计助力直播互动？
土拨鼠,在线工具,收录超过 30 万个高质量免费图标的网站「PNG Repo」
思鱼耶,平面设计,文字太多画面没有层次感？优设标题黑主设计师的版式设计秘籍来了
土拨鼠,产品设计,6000+干货！资深总监的四条产品设计工作观（附私藏神器包）
author,tag,title
阿东,B端,新闻：8000+干货！B端设计师要懂的信息架构
陈子木,3D样机,新闻：第一波！2021年10月精选实用设计干货合集
张爱国,LOL,新闻：人气顶流的英雄联盟手游，有哪些值得关注的设计细节？
邓海贝,对比色,新闻：配色没有冲击力？来试试对比色！
土拨鼠,ui设计,新闻：这3个细节创新，大厂设计师都不一定全知道！
Reman刘斌,平面设计,新闻：民国时期的平面设计到底有多潮？穿着旗袍开机车！
米米米米米米米米,,新闻：甲方给的图片不清晰？收下这个超好用的免费无损放大软件 Topaz Gigapixel AI
土拨鼠,抄袭,新闻：设计该如何看待「抄袭」这件事？我总结了5个方面！
土拨鼠,内容优先,新闻：用一篇文章，帮你了解提高用户体验的「内容策划研究方法」
土拨鼠,,新闻：她做完这个暗黑设计后，为什么选择了离职？
陈子木,免费图库,新闻：壹周速读：假期归来先存好这些干货！
张彭彭,PPT设计,新闻：大厂进阶案例！腾讯D10晋升失败的复盘总结
酷家乐UED,业务分析,新闻：需求太碎？聊聊设计师如何在小业务中提炼价值
Ohh,交互设计,新闻：对比多个大厂产品后，总结了竖屏播放进度条的设计思考
小果,交互设计,新闻：如何实现产品的「啊哈时刻」？从4个方面展开详聊
郝小七,HMI,新闻：HMI设计必看！入局车载设计的最优路径+入门指南
土拨鼠,B端,新闻：8000字干货！B端用户「帮助体系」搭建指南
土拨鼠,医疗,新闻：腾讯实战案例！联动医疗下的用户研究
土拨鼠,Decentrafile,新闻：上传文件永不过期！免费的匿名去中心化云端空间「Decentrafile 」
ZoeYZ,交互设计,新闻：不止画图标！5 个金刚区的交互设计思考
土拨鼠,2021-2022设计趋势,新闻：腾讯 ISUX 出品！2021-2022设计趋势报告：日系潮玩篇
土拨鼠,3D渲染模板,新闻：2021年全网最新最好的样机资源被我找到了！免费打包！
S 设计研究所,产品视觉设计,新闻：从学校到五年职场，我是如何理解插画设计的
土拨鼠,Image Extractor,新闻：输入网址就能批量下载网站图片的在线神器「Image Extractor」
陈子木,干货,新闻：第四波！2021年9月精选实用设计干货合集
土拨鼠,平面设计,新闻：用一篇文章，帮你了解视觉冲击的最佳风格「达达主义」
百度MEUX,产品设计,新闻：大厂出品！如何通过游戏化设计助力直播互动？
土拨鼠,在线工具,新闻：收录超过 30 万个高质量免费图标的网站「PNG Repo」
思鱼耶,平面设计,新闻：文字太多画面没有层次感？优设标题黑主设计师的版式设计秘籍来了
土拨鼠,产品设计,新闻：6000+干货！资深总监的四条产品设计工作观（附私藏神器包）
